Food Name,Add Month,Add Day,Quantity,Used,Food Amount,Purchase Day,Expiry Date
Oil,September,29,1,0,120,2024-10-12,2025-01-10
Eggs,July,5,27,10,135,2024-04-20,2024-05-03
Wheat,April,9,7,0,280,2024-01-21,2024-02-17
Milk,February,7,43,31,1075,2024-03-25,2024-04-04
Oil,February,3,18,18,2160,2024-10-26,2024-11-19
Salt,October,22,9,0,180,2024-09-20,2024-11-10
Tea,August,19,37,3,7400,2024-03-21,2024-05-10
Coffee,February,11,36,25,10800,2024-02-14,2024-03-18
Rice,August,10,42,30,2100,2024-01-06,2024-02-04
Salt,July,2,11,5,220,2024-09-24,2024-11-17
Coffee,February,26,20,11,6000,2024-09-28,2024-11-04
Sugar,January,14,10,7,450,2024-08-06,2024-10-10
Sugar,May,13,36,25,1620,2024-01-28,2024-04-08
Butter,August,21,4,3,400,2024-01-17,2024-03-11
Oil,May,31,27,25,3240,2024-11-01,2024-12-15
Eggs,July,31,5,2,25,2024-09-21,2024-11-04
Coffee,May,9,43,28,12900,2024-10-05,2024-11-16
Eggs,October,16,48,47,240,2024-07-20,2024-10-06
Oil,August,6,32,5,3840,2024-01-05,2024-02-16
Butter,April,15,42,8,4200,2024-07-14,2024-08-31
Eggs,April,16,13,10,65,2024-09-19,2024-10-05
Tea,June,27,4,2,800,2024-10-24,2024-11-03
Rice,December,4,4,3,200,2024-01-17,2024-02-16
Coffee,March,14,29,2,8700,2024-04-26,2024-07-11
Oil,March,29,37,1,4440,2024-09-10,2024-11-28
Milk,May,4,32,20,800,2024-10-31,2024-11-10
Bread,July,11,48,28,720,2024-05-24,2024-08-21
Sugar,May,9,2,0,90,2024-07-23,2024-10-21
Milk,October,31,36,5,900,2024-07-26,2024-08-20
Rice,September,14,3,2,150,2024-07-12,2024-09-14
Sugar,August,8,21,5,945,2024-06-05,2024-07-02
Fruits,March,29,35,2,2100,2024-01-10,2024-03-02
Wheat,September,11,26,14,1040,2024-01-28,2024-02-15
Sugar,June,23,22,9,990,2024-04-03,2024-05-06
Vegetables,February,8,6,1,180,2024-07-01,2024-08-08
Milk,February,6,9,4,225,2024-10-09,2024-11-19
Sugar,June,21,29,10,1305,2024-04-24,2024-06-24
Wheat,April,8,40,19,1600,2024-02-09,2024-03-22
Rice,March,14,1,1,50,2024-02-21,2024-04-16
Vegetables,May,19,23,1,690,2024-06-10,2024-07-08
Oil,December,26,16,6,1920,2024-03-06,2024-05-05
Oil,November,23,2,0,240,2024-07-22,2024-08-19
Oil,August,2,36,15,4320,2024-02-25,2024-04-15
Fruits,June,25,37,34,2220,2024-06-22,2024-09-14
Wheat,September,24,29,12,1160,2024-10-29,2024-12-06
Oil,July,3,42,12,5040,2024-08-26,2024-11-07
Rice,May,21,34,8,1700,2024-07-29,2024-09-05
Fruits,June,20,29,6,1740,2024-05-26,2024-07-10
Rice,May,17,36,2,1800,2024-06-24,2024-08-25
Oil,January,27,48,40,5760,2024-05-13,2024-07-13
Bread,May,11,30,28,450,2024-04-26,2024-07-04
Rice,July,7,36,29,1800,2024-07-08,2024-07-26
Sugar,September,11,24,18,1080,2024-02-19,2024-04-26
Salt,July,31,20,8,400,2024-08-30,2024-11-07
Fruits,April,6,14,0,840,2024-11-02,2025-01-18
Butter,June,16,16,13,1600,2024-10-05,2024-12-16
Bread,September,6,21,7,315,2024-06-03,2024-08-29
Milk,May,12,2,2,50,2024-04-12,2024-06-21
Vegetables,November,28,22,13,660,2024-10-24,2025-01-20
Milk,February,12,28,0,700,2024-01-09,2024-02-23
Oil,March,16,39,13,4680,2024-08-27,2024-10-11
Eggs,June,6,41,27,205,2024-08-09,2024-10-13
Salt,June,9,19,12,380,2024-04-24,2024-05-31
Milk,January,12,49,35,1225,2024-03-07,2024-05-25
Bread,February,10,46,2,690,2024-04-15,2024-05-11
Coffee,August,27,43,21,12900,2024-09-11,2024-10-27
Milk,February,1,42,33,1050,2024-03-23,2024-04-05
Salt,January,20,10,10,200,2024-03-20,2024-06-10
Tea,August,31,17,7,3400,2024-10-06,2024-12-12
Milk,September,10,2,0,50,2024-02-09,2024-03-16
Rice,December,3,37,12,1850,2024-06-01,2024-07-22
Milk,March,10,45,25,1125,2024-03-26,2024-05-07
Bread,July,23,7,0,105,2024-03-10,2024-03-17
Milk,April,30,3,3,75,2024-06-16,2024-08-20
Salt,August,3,29,16,580,2024-05-16,2024-07-30
Wheat,February,23,6,4,240,2024-07-24,2024-08-23
Fruits,July,30,4,1,240,2024-03-02,2024-03-20
Bread,April,29,43,27,645,2024-08-07,2024-08-19
Milk,March,13,3,3,75,2024-06-20,2024-08-11
Bread,April,23,9,3,135,2024-01-10,2024-04-08
Butter,February,26,46,10,4600,2024-07-23,2024-09-11
Eggs,January,23,7,6,35,2024-06-27,2024-09-06
Milk,October,4,1,1,25,2024-03-06,2024-05-01
Rice,February,6,25,14,1250,2024-04-13,2024-05-16
Milk,May,13,10,0,250,2024-03-21,2024-05-08
Wheat,January,16,9,6,360,2024-11-08,2024-12-29
Coffee,June,15,41,29,12300,2024-03-05,2024-05-06
Butter,February,12,21,10,2100,2024-07-30,2024-09-27
Sugar,October,7,28,13,1260,2024-01-27,2024-02-19
Milk,July,5,36,3,900,2024-01-12,2024-01-19
Coffee,October,8,6,4,1800,2024-02-07,2024-04-26
Coffee,October,30,45,8,13500,2024-07-12,2024-10-08
Coffee,April,17,40,36,12000,2024-03-11,2024-04-07
Sugar,January,28,29,14,1305,2024-03-31,2024-04-14
Milk,February,26,43,22,1075,2024-09-21,2024-10-08
Salt,January,19,46,46,920,2024-06-04,2024-07-14
Vegetables,August,14,20,8,600,2024-05-29,2024-08-04
Vegetables,September,17,17,10,510,2024-02-07,2024-03-19
Vegetables,May,30,33,31,990,2024-02-15,2024-02-26
Bread,October,16,15,8,225,2024-07-28,2024-10-14
Sugar,June,14,17,16,765,2024-11-01,2024-11-26
Bread,June,19,40,25,600,2024-09-23,2024-11-24
Vegetables,October,1,13,12,390,2024-03-27,2024-04-20
Tea,October,18,14,6,2800,2024-07-09,2024-08-16
Salt,October,1,43,3,860,2024-03-13,2024-06-11
Sugar,July,12,6,5,270,2024-02-05,2024-04-27
Vegetables,February,12,5,1,150,2024-08-15,2024-09-08
Eggs,August,26,1,0,5,2024-08-29,2024-09-28
Rice,December,12,7,2,350,2024-10-09,2024-11-25
Tea,August,26,28,5,5600,2024-08-04,2024-08-30
Coffee,March,4,48,30,14400,2024-09-13,2024-11-15
Tea,April,5,5,0,1000,2024-01-01,2024-02-15
Milk,December,13,19,2,475,2024-03-09,2024-06-02
Butter,December,31,46,33,4600,2024-11-08,2024-11-29
Salt,January,31,30,6,600,2024-01-15,2024-04-03
Rice,April,4,3,1,150,2024-09-23,2024-11-03
Eggs,September,10,47,42,235,2024-04-12,2024-06-01
Salt,January,27,8,4,160,2024-10-17,2024-11-26
Bread,April,9,39,19,585,2024-09-26,2024-12-05
Salt,January,17,15,9,300,2024-05-13,2024-05-26
Salt,September,21,34,10,680,2024-04-10,2024-05-09
Butter,February,14,31,17,3100,2024-06-14,2024-08-17
Milk,October,14,32,31,800,2024-02-28,2024-03-12
Milk,June,7,22,4,550,2024-09-09,2024-11-21
Bread,May,20,48,1,720,2024-06-18,2024-09-14
Tea,October,22,27,13,5400,2024-04-27,2024-06-16
Bread,March,6,18,13,270,2024-03-27,2024-04-05
Tea,December,24,12,9,2400,2024-04-14,2024-05-26
Butter,September,8,8,8,800,2024-06-14,2024-09-02
Rice,February,23,44,8,2200,2024-05-13,2024-08-03
Vegetables,March,29,50,47,1500,2024-05-06,2024-05-16
Tea,January,3,39,33,7800,2024-01-03,2024-02-03
Eggs,January,3,41,1,205,2024-04-17,2024-07-10
Vegetables,October,30,50,17,1500,2024-05-26,2024-06-21
Eggs,June,29,47,2,235,2024-09-15,2024-10-29
Salt,July,16,25,2,500,2024-02-11,2024-04-23
Coffee,August,18,32,5,9600,2024-03-26,2024-04-27
Vegetables,October,24,39,13,1170,2024-07-06,2024-09-19
Butter,January,14,40,4,4000,2024-02-18,2024-04-12
Vegetables,November,22,34,8,1020,2024-07-27,2024-10-02
Rice,June,30,23,22,1150,2024-03-13,2024-04-29
Milk,January,15,39,14,975,2024-07-23,2024-08-11
Coffee,June,23,16,6,4800,2024-09-23,2024-10-21
Milk,November,2,6,4,150,2024-01-24,2024-02-04
Tea,October,7,34,18,6800,2024-09-29,2024-11-14
Bread,October,30,31,17,465,2024-06-20,2024-08-15
Coffee,September,9,6,6,1800,2024-08-19,2024-08-29
Bread,June,28,41,11,615,2024-07-27,2024-09-04
Oil,January,17,48,47,5760,2024-04-05,2024-06-06
Salt,July,30,19,16,380,2024-10-07,2024-11-05
Vegetables,May,9,5,1,150,2024-07-04,2024-07-30
Eggs,July,7,6,0,30,2024-09-26,2024-11-30
Fruits,October,19,20,10,1200,2024-11-03,2024-12-14
Coffee,December,3,20,5,6000,2024-04-16,2024-05-13
Eggs,May,30,25,5,125,2024-09-13,2024-11-03
Tea,December,13,24,2,4800,2024-10-29,2024-12-30
Bread,February,4,8,5,120,2024-04-17,2024-07-06
Sugar,June,16,30,14,1350,2024-11-01,2025-01-07
Bread,September,15,19,5,285,2024-11-02,2025-01-05
Sugar,April,27,19,9,855,2024-06-02,2024-06-14
Tea,April,23,5,1,1000,2024-05-03,2024-06-20
Salt,September,4,20,16,400,2024-03-07,2024-05-08
Wheat,July,13,40,7,1600,2024-06-02,2024-07-14
Butter,June,19,1,1,100,2024-04-27,2024-05-21
Butter,June,16,27,6,2700,2024-08-01,2024-10-10
Salt,November,2,29,0,580,2024-04-01,2024-04-15
Sugar,April,29,16,9,720,2024-10-17,2024-11-21
Milk,October,9,21,1,525,2024-09-25,2024-10-17
Salt,July,16,28,3,560,2024-02-28,2024-03-14
Milk,November,24,35,35,875,2024-09-10,2024-09-26
Bread,February,10,25,21,375,2024-03-26,2024-06-02
Bread,January,10,10,9,150,2024-02-16,2024-04-25
Vegetables,September,25,9,9,270,2024-04-23,2024-06-09
Salt,January,6,19,0,380,2024-09-25,2024-11-21
Coffee,April,29,35,18,10500,2024-05-12,2024-07-30
Bread,May,30,3,2,45,2024-02-28,2024-05-04
Vegetables,April,1,4,0,120,2024-05-15,2024-06-13
Tea,May,6,31,27,6200,2024-05-10,2024-05-19
Eggs,November,11,4,3,20,2024-05-28,2024-06-26
Fruits,August,2,6,6,360,2024-06-25,2024-09-09
Milk,September,11,29,15,725,2024-09-17,2024-10-16
Rice,January,20,26,4,1300,2024-03-07,2024-04-26
Sugar,July,1,29,18,1305,2024-02-21,2024-05-03
Bread,May,11,47,5,705,2024-02-27,2024-03-06
Salt,January,5,7,2,140,2024-05-26,2024-06-10
Wheat,November,31,6,2,240,2024-08-20,2024-09-07
Rice,October,21,48,0,2400,2024-07-24,2024-08-16
Milk,December,10,10,5,250,2024-07-12,2024-08-13
Sugar,July,20,7,1,315,2024-06-24,2024-07-14
Fruits,July,12,41,31,2460,2024-08-10,2024-10-20
Rice,March,14,13,7,650,2024-03-27,2024-04-07
Rice,February,24,8,1,400,2024-05-01,2024-06-22
Tea,April,8,9,3,1800,2024-07-01,2024-07-28
Tea,October,20,33,11,6600,2024-10-12,2025-01-03
Eggs,September,7,40,13,200,2024-10-28,2024-11-06
Tea,November,12,26,2,5200,2024-01-19,2024-03-25
Vegetables,February,18,42,12,1260,2024-06-09,2024-06-20
Sugar,September,25,2,0,90,2024-01-07,2024-02-04
Vegetables,November,21,2,1,60,2024-05-23,2024-06-27
Coffee,June,3,44,14,13200,2024-10-10,2024-11-10
Tea,January,7,41,40,8200,2024-03-19,2024-05-28
Milk,July,28,32,22,800,2024-04-06,2024-05-14
Vegetables,September,11,36,1,1080,2024-03-08,2024-03-21
Fruits,December,2,19,9,1140,2024-09-18,2024-10-26
Oil,March,9,24,2,2880,2024-03-22,2024-06-15
Butter,April,17,10,2,1000,2024-10-29,2024-11-07
Coffee,December,16,12,5,3600,2024-10-24,2025-01-13
Salt,August,13,30,26,600,2024-06-10,2024-07-07
Tea,June,22,32,25,6400,2024-02-04,2024-03-20
Sugar,January,31,21,7,945,2024-08-25,2024-10-25
Eggs,February,16,25,12,125,2024-08-31,2024-09-16
Milk,April,16,40,31,1000,2024-09-06,2024-10-04
Vegetables,August,16,24,23,720,2024-03-04,2024-03-29
Salt,September,11,2,2,40,2024-03-22,2024-04-20
Vegetables,May,10,41,17,1230,2024-03-17,2024-04-24
Bread,February,22,46,46,690,2024-04-11,2024-05-22
Coffee,October,18,17,3,5100,2024-07-10,2024-08-01
Wheat,July,7,12,4,480,2024-07-01,2024-07-18
Vegetables,September,29,24,7,720,2024-01-01,2024-02-14
Sugar,April,23,16,12,720,2024-01-21,2024-03-07
Oil,June,8,10,7,1200,2024-06-04,2024-08-22
Butter,July,11,39,7,3900,2024-03-02,2024-04-18
Sugar,June,19,47,0,2115,2024-01-03,2024-01-23
Tea,January,3,10,9,2000,2024-05-14,2024-05-22
Tea,May,14,10,5,2000,2024-07-11,2024-07-19
Coffee,January,11,26,5,7800,2024-04-30,2024-06-10
Butter,March,25,47,0,4700,2024-02-27,2024-04-10
Oil,January,7,24,8,2880,2024-02-07,2024-03-24
Coffee,September,13,9,0,2700,2024-10-23,2024-11-27
Eggs,September,14,16,13,80,2024-04-05,2024-04-26
Tea,September,25,41,11,8200,2024-04-12,2024-04-20
Eggs,May,12,18,15,90,2024-04-09,2024-04-19
Rice,September,13,28,14,1400,2024-09-02,2024-10-03
Coffee,November,27,43,43,12900,2024-04-09,2024-06-05
Butter,September,31,35,34,3500,2024-08-15,2024-10-17
Salt,November,11,11,7,220,2024-06-14,2024-07-28
Eggs,December,25,7,7,35,2024-06-02,2024-07-02
Bread,April,9,25,15,375,2024-05-11,2024-06-27
Wheat,September,3,44,0,1760,2024-04-25,2024-06-21
Wheat,October,27,37,24,1480,2024-08-23,2024-10-07
Butter,October,14,48,2,4800,2024-06-22,2024-09-01
Rice,October,8,48,47,2400,2024-08-10,2024-10-21
Tea,December,12,28,15,5600,2024-10-19,2024-12-18
Salt,January,23,4,4,80,2024-03-21,2024-06-15
Salt,June,6,49,29,980,2024-04-08,2024-05-10
Butter,June,26,44,43,4400,2024-05-17,2024-08-12
Wheat,September,17,33,1,1320,2024-06-03,2024-07-28
Tea,May,25,5,3,1000,2024-03-05,2024-05-18
Vegetables,February,27,14,9,420,2024-02-14,2024-03-01
Milk,May,27,6,4,150,2024-03-03,2024-05-16
Rice,June,20,24,18,1200,2024-04-30,2024-07-02
Coffee,February,19,23,12,6900,2024-01-11,2024-01-19
Salt,January,12,1,0,20,2024-03-24,2024-06-09
Salt,August,24,21,3,420,2024-03-18,2024-06-13
Tea,October,28,29,14,5800,2024-10-19,2024-12-17
Coffee,June,6,2,2,600,2024-02-11,2024-04-25
Tea,March,8,45,32,9000,2024-04-05,2024-05-28
Vegetables,October,25,24,12,720,2024-04-23,2024-05-14
Butter,December,19,28,12,2800,2024-01-25,2024-02-18
Butter,January,10,44,7,4400,2024-04-08,2024-05-09
Milk,May,24,12,1,300,2024-02-19,2024-04-07
Milk,July,27,29,2,725,2024-05-22,2024-06-21
Bread,May,29,30,26,450,2024-06-13,2024-06-24
Butter,October,28,4,1,400,2024-08-22,2024-10-21
Salt,May,19,8,6,160,2024-10-02,2024-10-25
Vegetables,September,31,14,6,420,2024-05-09,2024-07-11
Fruits,May,21,41,22,2460,2024-10-12,2024-11-18
Rice,February,8,50,37,2500,2024-09-12,2024-10-30
Coffee,May,2,9,2,2700,2024-08-03,2024-08-25
Tea,December,31,39,19,7800,2024-09-12,2024-10-02
Fruits,December,26,5,5,300,2024-03-08,2024-04-27
Salt,March,24,25,16,500,2024-03-06,2024-04-04
Fruits,March,1,31,5,1860,2024-04-08,2024-04-18
Milk,May,24,8,5,200,2024-10-02,2024-11-03
Tea,March,21,35,5,7000,2024-01-12,2024-02-19
Vegetables,June,30,26,0,780,2024-09-24,2024-10-22
Coffee,November,21,34,21,10200,2024-08-29,2024-09-22
Bread,February,15,43,21,645,2024-01-28,2024-04-02
Coffee,January,29,47,35,14100,2024-09-09,2024-11-11
Oil,September,7,32,30,3840,2024-03-07,2024-06-05
Coffee,April,10,44,25,13200,2024-10-09,2024-11-14
Fruits,November,14,24,16,1440,2024-01-01,2024-03-07
Salt,January,8,32,1,640,2024-08-18,2024-09-23
Rice,April,8,23,21,1150,2024-05-29,2024-07-18
Rice,July,31,5,4,250,2024-03-23,2024-04-10
Butter,April,2,30,8,3000,2024-07-07,2024-09-25
Milk,June,25,33,7,825,2024-03-21,2024-05-01
Oil,December,24,7,0,840,2024-05-14,2024-06-13
Salt,September,22,18,4,360,2024-09-28,2024-10-12
Wheat,October,16,43,8,1720,2024-01-24,2024-02-06
Wheat,June,5,33,28,1320,2024-05-24,2024-08-01
Rice,June,11,27,16,1350,2024-02-10,2024-02-20
Sugar,July,15,41,5,1845,2024-05-25,2024-07-25
Milk,April,14,25,3,625,2024-05-16,2024-06-30
Tea,April,19,14,4,2800,2024-08-23,2024-10-20
Bread,April,28,25,15,375,2024-05-15,2024-07-23
Butter,March,23,29,17,2900,2024-01-13,2024-03-04
Bread,February,17,50,6,750,2024-10-22,2025-01-20
Milk,August,15,20,14,500,2024-03-14,2024-06-09
Oil,March,8,22,17,2640,2024-02-19,2024-05-06
Tea,February,1,42,14,8400,2024-07-19,2024-10-10
Milk,March,14,44,7,1100,2024-06-05,2024-08-11
Bread,May,20,50,48,750,2024-08-18,2024-10-08
Eggs,March,3,42,7,210,2024-05-24,2024-07-01
Rice,September,22,1,0,50,2024-07-09,2024-07-20
Salt,May,20,37,4,740,2024-03-16,2024-06-07
Bread,December,11,13,7,195,2024-06-10,2024-06-28
Milk,May,5,45,37,1125,2024-02-25,2024-05-16
Bread,February,16,3,2,45,2024-09-05,2024-10-10
Coffee,March,10,49,23,14700,2024-03-22,2024-05-25
Milk,January,19,48,48,1200,2024-09-30,2024-10-28
Butter,May,7,18,13,1800,2024-06-10,2024-08-14
Fruits,June,2,15,1,900,2024-03-12,2024-04-30
Coffee,March,21,17,4,5100,2024-06-24,2024-09-09
Sugar,May,6,11,0,495,2024-03-16,2024-05-05
Eggs,September,26,13,9,65,2024-08-22,2024-09-05
Bread,January,5,48,23,720,2024-02-04,2024-04-05
Butter,November,19,20,1,2000,2024-06-29,2024-08-21
Fruits,June,1,32,15,1920,2024-06-17,2024-07-08
Rice,January,31,36,21,1800,2024-04-28,2024-05-08
Eggs,February,21,29,20,145,2024-09-02,2024-11-23
Coffee,August,19,12,9,3600,2024-07-24,2024-10-19
Bread,November,29,6,1,90,2024-10-12,2024-12-10
Vegetables,December,14,6,5,180,2024-05-01,2024-07-16
Milk,December,18,20,20,500,2024-01-05,2024-03-08
Coffee,October,8,30,24,9000,2024-07-27,2024-10-15
Butter,February,19,2,0,200,2024-03-05,2024-04-11
Vegetables,May,3,28,20,840,2024-05-01,2024-07-05
Oil,January,13,50,23,6000,2024-03-26,2024-05-18
Sugar,March,4,15,13,675,2024-02-01,2024-04-19
Rice,December,10,40,24,2000,2024-11-06,2025-01-14
Coffee,August,2,44,2,13200,2024-07-19,2024-10-13
Wheat,December,9,40,39,1600,2024-06-08,2024-06-18
Coffee,September,27,32,2,9600,2024-06-28,2024-07-31
Milk,December,14,28,4,700,2024-04-12,2024-05-10
Oil,July,8,36,26,4320,2024-10-02,2024-12-25
Salt,November,2,31,17,620,2024-10-16,2024-12-08
Salt,September,28,21,9,420,2024-10-02,2024-11-21
Sugar,June,9,48,2,2160,2024-03-24,2024-05-20
Wheat,September,29,47,47,1880,2024-09-24,2024-11-14
Butter,February,30,29,3,2900,2024-01-06,2024-01-30
Fruits,March,31,44,20,2640,2024-09-21,2024-12-04
Tea,October,6,46,20,9200,2024-03-18,2024-06-04
Wheat,December,26,11,8,440,2024-09-21,2024-10-06
Tea,June,13,40,3,8000,2024-06-12,2024-08-03
Fruits,February,10,45,39,2700,2024-08-15,2024-11-09
Vegetables,March,4,41,14,1230,2024-06-03,2024-07-29
Rice,May,14,49,0,2450,2024-10-30,2024-12-09
Coffee,May,11,40,39,12000,2024-09-28,2024-10-18
Butter,June,18,37,10,3700,2024-05-17,2024-06-26
Tea,January,19,38,19,7600,2024-08-25,2024-09-14
Oil,April,2,45,27,5400,2024-07-22,2024-09-13
Oil,January,13,2,2,240,2024-03-03,2024-05-14
Rice,March,5,11,6,550,2024-08-10,2024-10-11
Salt,April,17,42,14,840,2024-05-17,2024-05-27
Sugar,February,5,17,16,765,2024-02-08,2024-05-04
Rice,April,11,25,0,1250,2024-03-17,2024-05-11
Vegetables,May,17,24,16,720,2024-06-14,2024-07-24
Milk,June,19,10,10,250,2024-02-02,2024-04-29
Fruits,July,2,4,3,240,2024-01-20,2024-03-09
Fruits,November,4,22,1,1320,2024-03-12,2024-03-28
Rice,January,9,30,26,1500,2024-08-12,2024-09-28
Tea,September,6,14,5,2800,2024-04-08,2024-04-24
Rice,January,3,31,3,1550,2024-03-18,2024-04-20
Bread,September,12,12,1,180,2024-09-04,2024-10-04
Butter,December,14,28,5,2800,2024-01-26,2024-02-05
Butter,May,5,43,42,4300,2024-01-26,2024-02-08
Vegetables,January,8,21,9,630,2024-04-15,2024-05-23
Eggs,June,17,8,2,40,2024-04-12,2024-06-18
Milk,February,1,39,25,975,2024-04-08,2024-06-12
Fruits,March,23,1,1,60,2024-06-18,2024-08-27
Butter,March,4,5,3,500,2024-11-07,2025-01-20
Coffee,July,24,49,12,14700,2024-10-15,2024-12-14
Wheat,December,31,37,30,1480,2024-03-29,2024-05-08
Oil,May,14,11,0,1320,2024-11-07,2024-11-23
Milk,October,9,10,10,250,2024-01-13,2024-01-26
Wheat,October,6,22,4,880,2024-11-08,2025-01-30
Wheat,November,22,24,19,960,2024-05-12,2024-08-08
Oil,April,27,46,21,5520,2024-01-17,2024-02-18
Milk,October,12,8,8,200,2024-10-17,2024-11-21
Milk,March,5,40,6,1000,2024-09-24,2024-10-18
Sugar,November,2,44,16,1980,2024-04-25,2024-05-06
Eggs,August,1,16,6,80,2024-09-24,2024-11-01
Sugar,February,5,20,5,900,2024-04-14,2024-04-25
Vegetables,October,13,39,2,1170,2024-04-18,2024-05-19
Milk,December,20,14,13,350,2024-10-30,2024-12-31
Oil,October,17,28,16,3360,2024-08-30,2024-10-01
Oil,June,8,10,9,1200,2024-02-26,2024-04-28
Coffee,May,8,37,1,11100,2024-02-15,2024-03-02
Bread,October,18,36,8,540,2024-05-01,2024-06-27
Vegetables,June,19,9,1,270,2024-03-07,2024-05-29
Coffee,February,19,9,8,2700,2024-05-30,2024-07-17
Bread,June,6,2,2,30,2024-02-20,2024-05-20
Salt,November,26,50,17,1000,2024-07-08,2024-08-13
Salt,February,4,17,0,340,2024-06-21,2024-07-15
Fruits,June,17,36,23,2160,2024-10-26,2024-11-24
Eggs,January,26,11,7,55,2024-07-05,2024-08-10
Vegetables,April,19,27,14,810,2024-04-26,2024-06-11
Rice,April,1,3,3,150,2024-01-27,2024-04-08
Bread,October,31,28,23,420,2024-04-10,2024-06-01
Sugar,August,26,15,3,675,2024-02-29,2024-04-02
Fruits,March,18,22,1,1320,2024-08-29,2024-11-13
Wheat,February,16,10,1,400,2024-02-09,2024-04-27
Milk,April,30,3,0,75,2024-02-27,2024-05-24
Coffee,January,18,18,3,5400,2024-09-19,2024-11-15
Sugar,August,17,22,14,990,2024-04-17,2024-06-18
Fruits,November,28,42,19,2520,2024-09-06,2024-09-15
Milk,March,28,22,18,550,2024-09-04,2024-09-15
Sugar,December,4,10,9,450,2024-10-11,2024-10-26
Eggs,November,11,22,15,110,2024-07-21,2024-10-05
Milk,September,19,32,29,800,2024-04-12,2024-06-02
Vegetables,September,12,23,3,690,2024-10-20,2024-12-21
Tea,November,25,1,0,200,2024-09-09,2024-09-20
Butter,October,17,17,1,1700,2024-10-04,2024-10-31
Tea,February,22,48,10,9600,2024-02-27,2024-03-08
Oil,November,15,20,10,2400,2024-11-07,2024-12-25
Tea,May,12,4,1,800,2024-07-25,2024-09-02
Rice,March,10,42,40,2100,2024-06-07,2024-08-01
Rice,June,20,12,2,600,2024-07-10,2024-08-12
Coffee,October,7,3,2,900,2024-08-27,2024-09-26
Rice,March,28,10,10,500,2024-05-26,2024-07-05
Rice,September,13,36,12,1800,2024-04-02,2024-05-05
Tea,July,1,39,1,7800,2024-04-23,2024-05-08
Tea,December,12,17,12,3400,2024-03-27,2024-05-27
Wheat,August,12,24,19,960,2024-09-11,2024-10-06
Wheat,November,4,13,2,520,2024-02-10,2024-03-01
Wheat,November,20,31,22,1240,2024-08-18,2024-10-14
Bread,June,26,33,8,495,2024-05-30,2024-08-23
Coffee,April,21,6,4,1800,2024-10-05,2024-12-20
Vegetables,April,14,4,2,120,2024-10-31,2024-12-29
Milk,June,17,32,1,800,2024-07-19,2024-09-14
Salt,May,4,25,17,500,2024-03-30,2024-05-18
Vegetables,June,23,32,16,960,2024-02-14,2024-02-26
Wheat,February,1,37,14,1480,2024-07-01,2024-09-08
Coffee,December,10,33,0,9900,2024-02-13,2024-03-10
Milk,September,8,16,5,400,2024-10-22,2025-01-11
Sugar,July,22,38,7,1710,2024-04-30,2024-05-31
Salt,January,4,44,22,880,2024-02-09,2024-03-28
Salt,July,7,29,16,580,2024-07-04,2024-09-05
Sugar,December,16,9,0,405,2024-08-13,2024-11-08
Wheat,June,2,19,9,760,2024-01-17,2024-02-16
Oil,April,29,18,16,2160,2024-07-29,2024-08-13
Sugar,May,6,22,10,990,2024-04-12,2024-07-03
Rice,June,24,40,3,2000,2024-01-27,2024-02-19
Sugar,March,13,47,5,2115,2024-10-10,2024-11-27
Wheat,January,6,29,29,1160,2024-07-19,2024-08-13
Coffee,August,17,47,24,14100,2024-09-02,2024-09-19
Coffee,June,30,36,31,10800,2024-11-01,2024-12-14
Wheat,August,2,1,0,40,2024-07-14,2024-10-01
Coffee,November,4,11,2,3300,2024-01-31,2024-02-29
Sugar,August,25,21,4,945,2024-09-18,2024-11-22
Wheat,September,13,42,17,1680,2024-07-08,2024-08-27
Salt,March,11,48,33,960,2024-05-15,2024-05-25
Vegetables,May,8,46,14,1380,2024-04-17,2024-04-27
Butter,February,26,39,18,3900,2024-07-26,2024-08-23
Rice,November,6,45,20,2250,2024-11-06,2025-01-29
Tea,October,4,36,23,7200,2024-03-02,2024-03-27
Vegetables,February,27,40,2,1200,2024-09-20,2024-11-18
Vegetables,April,17,42,15,1260,2024-03-18,2024-05-31
Coffee,May,25,16,0,4800,2024-04-10,2024-05-25
Oil,February,13,45,4,5400,2024-06-13,2024-09-07
Sugar,September,22,11,6,495,2024-05-29,2024-08-17
Sugar,October,2,49,25,2205,2024-07-18,2024-08-30
Eggs,June,4,21,5,105,2024-01-19,2024-02-10
Oil,October,29,47,1,5640,2024-09-12,2024-10-04
Eggs,February,22,14,5,70,2024-04-30,2024-07-10
Coffee,December,15,50,43,15000,2024-04-24,2024-06-04
Salt,June,21,1,0,20,2024-06-07,2024-07-05
Rice,March,8,35,0,1750,2024-11-05,2025-01-26
Sugar,December,8,19,17,855,2024-10-04,2024-11-06
Coffee,October,2,23,16,6900,2024-10-02,2024-11-01
Butter,April,1,36,23,3600,2024-05-10,2024-06-09
Milk,May,8,4,4,100,2024-04-25,2024-05-29
Eggs,June,24,9,2,45,2024-08-02,2024-10-11
Oil,November,21,41,26,4920,2024-03-26,2024-04-28
Butter,November,14,6,1,600,2024-02-25,2024-05-15
Milk,January,29,18,14,450,2024-09-12,2024-10-13
Milk,May,28,5,3,125,2024-05-11,2024-06-08
Fruits,October,3,41,3,2460,2024-06-01,2024-07-25
Wheat,May,21,5,5,200,2024-05-19,2024-07-30
Sugar,September,5,11,10,495,2024-05-29,2024-07-25
Sugar,May,16,23,2,1035,2024-05-24,2024-06-19
Butter,December,2,23,9,2300,2024-10-27,2024-12-07
Tea,May,31,19,6,3800,2024-05-11,2024-07-09
Tea,March,3,34,13,6800,2024-08-02,2024-10-14
Vegetables,December,14,29,19,870,2024-08-27,2024-10-11
Wheat,June,13,24,14,960,2024-10-21,2024-12-07
Sugar,October,6,4,1,180,2024-05-12,2024-06-14
Milk,June,11,46,40,1150,2024-01-06,2024-01-31
Sugar,August,5,46,42,2070,2024-01-17,2024-02-25
Bread,September,23,15,14,225,2024-06-20,2024-06-28
Milk,May,12,20,1,500,2024-07-01,2024-07-11
Eggs,November,16,19,8,95,2024-02-04,2024-02-16
Rice,November,20,28,18,1400,2024-04-18,2024-06-13
Vegetables,April,28,20,2,600,2024-01-07,2024-02-04
Coffee,March,12,10,8,3000,2024-03-14,2024-06-10
Coffee,December,13,22,0,6600,2024-10-20,2024-12-01
Rice,March,25,41,26,2050,2024-08-26,2024-10-06
Fruits,January,1,12,3,720,2024-10-24,2024-11-23
Salt,December,26,37,36,740,2024-11-05,2024-11-23
